{
  "project_info": {
    "project_number": "171870218725",
    "firebase_url": "https://ays1-c9970.firebaseio.com",
    "project_id": "ays1-c9970",
    "storage_bucket": "ays1-c9970.appspot.com"
  },
  "client": [
    {
      "client_info": {
        "mobilesdk_app_id": "1:171870218725:android:cd3213af7c6bebfa",
        "android_client_info": {
          "package_name": "com.example.aystest"
        }
      },
      "oauth_client": [],
      "api_key": [
        {
          "current_key": "AIzaSyBbyE7HrgLQHKXc4QNbFODjdpXOZEtk2IA"
        }
      ],
      "services": {
        "appinvite_service": {
          "other_platform_oauth_client": [
            {
              "client_id": "171870218725-8269n8fmmjjotgg7le7nf27ja1hlvjdg.apps.googleusercontent.com",
              "client_type": 3
            },
            {
              "client_id": "171870218725-qgqr9l1hltukpqs75r9pp65f09i95kt2.apps.googleusercontent.com",
              "client_type": 2,
              "ios_info": {
                "bundle_id": "com.example.aystest"
              }
            }
          ]
        }
      }
    }
  ],
  "configuration_version": "1"
}